LOCATION,INDICATOR,SUBJECT,MEASURE,FREQUENCY,TIME,Value,Flag Codes
BEL,SAVING,TOT,PC_GDP,A,1999,11.23039475,
BEL,SAVING,TOT,PC_GDP,A,2000,11.47547122,
BEL,SAVING,TOT,PC_GDP,A,2001,10.22589147,
BEL,SAVING,TOT,PC_GDP,A,2002,10.02770663,
BEL,SAVING,TOT,PC_GDP,A,2003,9.4646092,
BEL,SAVING,TOT,PC_GDP,A,2004,10.21886351,
BEL,SAVING,TOT,PC_GDP,A,2005,10.07545536,
BEL,SAVING,TOT,PC_GDP,A,2006,10.2304618,
BEL,SAVING,TOT,PC_GDP,A,2007,11.11501725,
BEL,SAVING,TOT,PC_GDP,A,2008,8.897971275,
BEL,SAVING,TOT,PC_GDP,A,2009,5.515930832,
BEL,SAVING,TOT,PC_GDP,A,2010,6.073606302,
BEL,SAVING,TOT,PC_GDP,A,2011,4.106601682,
BEL,SAVING,TOT,PC_GDP,A,2012,5.16830854,
BEL,SAVING,TOT,PC_GDP,A,2013,4.722816127,
BEL,SAVING,TOT,PC_GDP,A,2014,5.300428061,
BEL,SAVING,TOT,PC_GDP,A,2015,6.041376391,
BEL,SAVING,TOT,PC_GDP,A,2016,6.060169924,
BEL,SAVING,TOT,PC_GDP,A,2017,6.491478144,
BEL,SAVING,TOT,PC_GDP,A,2018,5.969405286,
BEL,SAVING,TOT,PC_GDP,A,2019,6.373517361,
IRL,SAVING,TOT,PC_GDP,A,1999,13.15612064,
IRL,SAVING,TOT,PC_GDP,A,2000,13.70450972,
IRL,SAVING,TOT,PC_GDP,A,2001,12.12087185,
IRL,SAVING,TOT,PC_GDP,A,2002,11.23552517,
IRL,SAVING,TOT,PC_GDP,A,2003,12.81648612,
IRL,SAVING,TOT,PC_GDP,A,2004,13.10212044,
IRL,SAVING,TOT,PC_GDP,A,2005,12.64553443,
IRL,SAVING,TOT,PC_GDP,A,2006,12.26123991,
IRL,SAVING,TOT,PC_GDP,A,2007,9.447305603,
IRL,SAVING,TOT,PC_GDP,A,2008,4.353827562,
IRL,SAVING,TOT,PC_GDP,A,2009,0.289200336,
IRL,SAVING,TOT,PC_GDP,A,2010,1.853944185,
IRL,SAVING,TOT,PC_GDP,A,2011,1.081244742,
IRL,SAVING,TOT,PC_GDP,A,2012,1.510319956,
IRL,SAVING,TOT,PC_GDP,A,2013,5.897432281,
IRL,SAVING,TOT,PC_GDP,A,2014,9.222094028,
IRL,SAVING,TOT,PC_GDP,A,2015,8.771368345,
IRL,SAVING,TOT,PC_GDP,A,2016,10.22598955,
IRL,SAVING,TOT,PC_GDP,A,2017,10.4019855,
IRL,SAVING,TOT,PC_GDP,A,2018,10.47116369,
IRL,SAVING,TOT,PC_GDP,A,2019,10.54313436,
CHL,SAVING,TOT,PC_GDP,A,1999,21.05978579,
CHL,SAVING,TOT,PC_GDP,A,2000,21.06901139,
CHL,SAVING,TOT,PC_GDP,A,2001,21.31261587,
CHL,SAVING,TOT,PC_GDP,A,2002,21.50581841,
CHL,SAVING,TOT,PC_GDP,A,2003,20.79297082,
CHL,SAVING,TOT,PC_GDP,A,2004,22.57806704,
CHL,SAVING,TOT,PC_GDP,A,2005,23.36405045,
CHL,SAVING,TOT,PC_GDP,A,2006,25.41026009,
CHL,SAVING,TOT,PC_GDP,A,2007,25.25463552,
CHL,SAVING,TOT,PC_GDP,A,2008,22.71741587,
CHL,SAVING,TOT,PC_GDP,A,2009,22.92202937,
CHL,SAVING,TOT,PC_GDP,A,2010,24.58092783,
CHL,SAVING,TOT,PC_GDP,A,2011,21.99925127,
CHL,SAVING,TOT,PC_GDP,A,2012,22.00389429,
CHL,SAVING,TOT,PC_GDP,A,2013,20.8369101,
CHL,SAVING,TOT,PC_GDP,A,2014,21.21653357,
CHL,SAVING,TOT,PC_GDP,A,2015,21.35007175,
CHL,SAVING,TOT,PC_GDP,A,2016,20.26335028,
CHL,SAVING,TOT,PC_GDP,A,2017,18.92115114,
CHL,SAVING,TOT,PC_GDP,A,2018,18.61769918,
CHL,SAVING,TOT,PC_GDP,A,2019,18.9131365,
ESP,SAVING,TOT,PC_GDP,A,1999,9.834268611,
ESP,SAVING,TOT,PC_GDP,A,2000,9.685714771,
ESP,SAVING,TOT,PC_GDP,A,2001,9.457583742,
ESP,SAVING,TOT,PC_GDP,A,2002,10.18128162,
ESP,SAVING,TOT,PC_GDP,A,2003,10.66878068,
ESP,SAVING,TOT,PC_GDP,A,2004,9.561608355,
ESP,SAVING,TOT,PC_GDP,A,2005,8.687700637,
ESP,SAVING,TOT,PC_GDP,A,2006,8.218381129,
ESP,SAVING,TOT,PC_GDP,A,2007,7.479412648,
ESP,SAVING,TOT,PC_GDP,A,2008,5.684242403,
ESP,SAVING,TOT,PC_GDP,A,2009,4.559894438,
ESP,SAVING,TOT,PC_GDP,A,2010,3.586993304,
ESP,SAVING,TOT,PC_GDP,A,2011,2.374119047,
ESP,SAVING,TOT,PC_GDP,A,2012,2.546603187,
ESP,SAVING,TOT,PC_GDP,A,2013,3.321807854,
ESP,SAVING,TOT,PC_GDP,A,2014,3.66494277,
ESP,SAVING,TOT,PC_GDP,A,2015,5.36660511,
ESP,SAVING,TOT,PC_GDP,A,2016,6.428571429,
ESP,SAVING,TOT,PC_GDP,A,2017,6.857239254,
ESP,SAVING,TOT,PC_GDP,A,2018,7.1244045,
ESP,SAVING,TOT,PC_GDP,A,2019,7.504426513,
FIN,SAVING,TOT,PC_GDP,A,1999,11.89605723,
FIN,SAVING,TOT,PC_GDP,A,2000,13.83811436,
FIN,SAVING,TOT,PC_GDP,A,2001,14.40592416,
FIN,SAVING,TOT,PC_GDP,A,2002,13.30091726,
FIN,SAVING,TOT,PC_GDP,A,2003,10.31374177,
FIN,SAVING,TOT,PC_GDP,A,2004,11.8192469,
FIN,SAVING,TOT,PC_GDP,A,2005,10.62196773,
FIN,SAVING,TOT,PC_GDP,A,2006,11.04356929,
FIN,SAVING,TOT,PC_GDP,A,2007,12.58820133,
FIN,SAVING,TOT,PC_GDP,A,2008,10.29058245,
FIN,SAVING,TOT,PC_GDP,A,2009,4.242711021,
FIN,SAVING,TOT,PC_GDP,A,2010,4.954741872,
FIN,SAVING,TOT,PC_GDP,A,2011,4.24196204,
FIN,SAVING,TOT,PC_GDP,A,2012,2.191636365,
FIN,SAVING,TOT,PC_GDP,A,2013,1.126169116,
FIN,SAVING,TOT,PC_GDP,A,2014,1.542796657,
FIN,SAVING,TOT,PC_GDP,A,2015,1.949523382,
FIN,SAVING,TOT,PC_GDP,A,2016,2.552892174,
FIN,SAVING,TOT,PC_GDP,A,2017,4.595649158,
FIN,SAVING,TOT,PC_GDP,A,2018,4.976978639,
FIN,SAVING,TOT,PC_GDP,A,2019,5.293410083,
NOR,SAVING,TOT,PC_GDP,A,1999,13.17448441,
NOR,SAVING,TOT,PC_GDP,A,2000,21.43160906,
NOR,SAVING,TOT,PC_GDP,A,2001,20.99518892,
NOR,SAVING,TOT,PC_GDP,A,2002,17.0890171,
NOR,SAVING,TOT,PC_GDP,A,2003,16.28010743,
NOR,SAVING,TOT,PC_GDP,A,2004,19.41055064,
NOR,SAVING,TOT,PC_GDP,A,2005,24.94222324,
NOR,SAVING,TOT,PC_GDP,A,2006,26.81759875,
NOR,SAVING,TOT,PC_GDP,A,2007,25.425958,
NOR,SAVING,TOT,PC_GDP,A,2008,27.66743764,
NOR,SAVING,TOT,PC_GDP,A,2009,19.10309366,
NOR,SAVING,TOT,PC_GDP,A,2010,20.38496164,
NOR,SAVING,TOT,PC_GDP,A,2011,22.62100639,
NOR,SAVING,TOT,PC_GDP,A,2012,23.48004573,
NOR,SAVING,TOT,PC_GDP,A,2013,22.40018963,
NOR,SAVING,TOT,PC_GDP,A,2014,22.01372001,
NOR,SAVING,TOT,PC_GDP,A,2015,17.70743335,
NOR,SAVING,TOT,PC_GDP,A,2016,14.58083991,
NOR,SAVING,TOT,PC_GDP,A,2017,16.02472794,
NOR,SAVING,TOT,PC_GDP,A,2018,18.24361969,
KOR,SAVING,TOT,PC_GDP,A,1999,17.91094136,
KOR,SAVING,TOT,PC_GDP,A,2000,16.73464446,
KOR,SAVING,TOT,PC_GDP,A,2001,14.70230105,
KOR,SAVING,TOT,PC_GDP,A,2002,14.89123868,
KOR,SAVING,TOT,PC_GDP,A,2003,16.1119464,
KOR,SAVING,TOT,PC_GDP,A,2004,18.61531295,
KOR,SAVING,TOT,PC_GDP,A,2005,16.79929705,
KOR,SAVING,TOT,PC_GDP,A,2006,15.83908735,
KOR,SAVING,TOT,PC_GDP,A,2007,16.79901679,
KOR,SAVING,TOT,PC_GDP,A,2008,15.43364698,
KOR,SAVING,TOT,PC_GDP,A,2009,14.64687741,
KOR,SAVING,TOT,PC_GDP,A,2010,17.03555058,
KOR,SAVING,TOT,PC_GDP,A,2011,16.19022804,
KOR,SAVING,TOT,PC_GDP,A,2012,15.79429202,
KOR,SAVING,TOT,PC_GDP,A,2013,16.10049472,
KOR,SAVING,TOT,PC_GDP,A,2014,16.2180954,
KOR,SAVING,TOT,PC_GDP,A,2015,17.75562593,
KOR,SAVING,TOT,PC_GDP,A,2016,18.33086164,
KOR,SAVING,TOT,PC_GDP,A,2017,18.58849129,
KOR,SAVING,TOT,PC_GDP,A,2018,17.02759246,
KOR,SAVING,TOT,PC_GDP,A,2019,15.00960454,E
SWE,SAVING,TOT,PC_GDP,A,1999,10.48795007,
SWE,SAVING,TOT,PC_GDP,A,2000,11.15249833,
SWE,SAVING,TOT,PC_GDP,A,2001,10.82041162,
SWE,SAVING,TOT,PC_GDP,A,2002,10.09877091,
SWE,SAVING,TOT,PC_GDP,A,2003,11.70871199,
SWE,SAVING,TOT,PC_GDP,A,2004,12.03256738,
SWE,SAVING,TOT,PC_GDP,A,2005,12.59403941,
SWE,SAVING,TOT,PC_GDP,A,2006,15.38773502,
SWE,SAVING,TOT,PC_GDP,A,2007,16.83506622,
SWE,SAVING,TOT,PC_GDP,A,2008,15.56678242,
SWE,SAVING,TOT,PC_GDP,A,2009,9.53816436,
SWE,SAVING,TOT,PC_GDP,A,2010,12.2048164,
SWE,SAVING,TOT,PC_GDP,A,2011,12.47014074,
SWE,SAVING,TOT,PC_GDP,A,2012,11.01000618,
SWE,SAVING,TOT,PC_GDP,A,2013,10.40306634,
SWE,SAVING,TOT,PC_GDP,A,2014,10.66618579,
SWE,SAVING,TOT,PC_GDP,A,2015,10.9180912,
SWE,SAVING,TOT,PC_GDP,A,2016,10.54114909,
SWE,SAVING,TOT,PC_GDP,A,2017,11.7811011,
SWE,SAVING,TOT,PC_GDP,A,2018,11.5065408,
SWE,SAVING,TOT,PC_GDP,A,2019,12.55319585,
ISR,SAVING,TOT,PC_GDP,A,1999,8.797672716,
ISR,SAVING,TOT,PC_GDP,A,2000,8.392372504,
ISR,SAVING,TOT,PC_GDP,A,2001,7.234687668,
ISR,SAVING,TOT,PC_GDP,A,2002,4.964500366,
ISR,SAVING,TOT,PC_GDP,A,2003,5.159542097,
ISR,SAVING,TOT,PC_GDP,A,2004,6.204596547,
ISR,SAVING,TOT,PC_GDP,A,2005,8.306655603,
ISR,SAVING,TOT,PC_GDP,A,2006,9.986259561,
ISR,SAVING,TOT,PC_GDP,A,2007,9.585764886,
ISR,SAVING,TOT,PC_GDP,A,2008,7.180987761,
ISR,SAVING,TOT,PC_GDP,A,2009,7.708792709,
ISR,SAVING,TOT,PC_GDP,A,2010,8.792454346,
ISR,SAVING,TOT,PC_GDP,A,2011,9.256321041,
ISR,SAVING,TOT,PC_GDP,A,2012,8.265091742,
ISR,SAVING,TOT,PC_GDP,A,2013,9.908577037,
ISR,SAVING,TOT,PC_GDP,A,2014,11.71761045,
ISR,SAVING,TOT,PC_GDP,A,2015,12.29198646,
ISR,SAVING,TOT,PC_GDP,A,2016,11.81399781,
ISR,SAVING,TOT,PC_GDP,A,2017,11.4802334,
ISR,SAVING,TOT,PC_GDP,A,2018,11.08090611,
ISR,SAVING,TOT,PC_GDP,A,2019,11.61008519,
AUT,SAVING,TOT,PC_GDP,A,1999,7.568239443,
AUT,SAVING,TOT,PC_GDP,A,2000,8.647724545,
AUT,SAVING,TOT,PC_GDP,A,2001,7.843688346,
AUT,SAVING,TOT,PC_GDP,A,2002,9.308081912,
AUT,SAVING,TOT,PC_GDP,A,2003,8.791418844,
AUT,SAVING,TOT,PC_GDP,A,2004,9.39387805,
AUT,SAVING,TOT,PC_GDP,A,2005,8.900717241,
AUT,SAVING,TOT,PC_GDP,A,2006,10.21389197,
AUT,SAVING,TOT,PC_GDP,A,2007,11.89324651,
AUT,SAVING,TOT,PC_GDP,A,2008,12.08723759,
AUT,SAVING,TOT,PC_GDP,A,2009,7.338322802,
AUT,SAVING,TOT,PC_GDP,A,2010,8.327401082,
AUT,SAVING,TOT,PC_GDP,A,2011,8.768393092,
AUT,SAVING,TOT,PC_GDP,A,2012,8.188875273,
AUT,SAVING,TOT,PC_GDP,A,2013,7.55039514,
AUT,SAVING,TOT,PC_GDP,A,2014,8.003936532,
AUT,SAVING,TOT,PC_GDP,A,2015,7.762558391,
AUT,SAVING,TOT,PC_GDP,A,2016,9.288132437,
AUT,SAVING,TOT,PC_GDP,A,2017,8.399278218,
AUT,SAVING,TOT,PC_GDP,A,2018,8.871764668,
AUT,SAVING,TOT,PC_GDP,A,2019,10.18526605,
USA,SAVING,TOT,PC_GDP,A,1999,6.347797654,
USA,SAVING,TOT,PC_GDP,A,2000,6.028112392,
USA,SAVING,TOT,PC_GDP,A,2001,4.499508686,
USA,SAVING,TOT,PC_GDP,A,2002,3.174659198,
USA,SAVING,TOT,PC_GDP,A,2003,2.414846042,
USA,SAVING,TOT,PC_GDP,A,2004,2.838919806,
USA,SAVING,TOT,PC_GDP,A,2005,3.071144805,
USA,SAVING,TOT,PC_GDP,A,2006,3.873775943,
USA,SAVING,TOT,PC_GDP,A,2007,1.97097813,
USA,SAVING,TOT,PC_GDP,A,2008,-0.756080826,
USA,SAVING,TOT,PC_GDP,A,2009,-2.474445862,
USA,SAVING,TOT,PC_GDP,A,2010,-0.481882,
USA,SAVING,TOT,PC_GDP,A,2011,0.577735411,
USA,SAVING,TOT,PC_GDP,A,2012,2.872493665,
USA,SAVING,TOT,PC_GDP,A,2013,3.227255339,
USA,SAVING,TOT,PC_GDP,A,2014,4.294818961,
USA,SAVING,TOT,PC_GDP,A,2015,4.178086544,
USA,SAVING,TOT,PC_GDP,A,2016,2.800223525,
USA,SAVING,TOT,PC_GDP,A,2017,3.287661349,
USA,SAVING,TOT,PC_GDP,A,2018,3.211427634,
USA,SAVING,TOT,PC_GDP,A,2019,2.647604238,
HUN,SAVING,TOT,PC_GDP,A,1999,-0.640152142,
HUN,SAVING,TOT,PC_GDP,A,2000,0.305815378,
HUN,SAVING,TOT,PC_GDP,A,2001,1.628475131,
HUN,SAVING,TOT,PC_GDP,A,2002,1.58220277,
HUN,SAVING,TOT,PC_GDP,A,2003,-0.777853403,
HUN,SAVING,TOT,PC_GDP,A,2004,0.575078863,
HUN,SAVING,TOT,PC_GDP,A,2005,0.684162771,
HUN,SAVING,TOT,PC_GDP,A,2006,1.857466056,
HUN,SAVING,TOT,PC_GDP,A,2007,0.333176805,
HUN,SAVING,TOT,PC_GDP,A,2008,1.391339683,
HUN,SAVING,TOT,PC_GDP,A,2009,1.630360178,
HUN,SAVING,TOT,PC_GDP,A,2010,2.784840075,
HUN,SAVING,TOT,PC_GDP,A,2011,2.990537235,
HUN,SAVING,TOT,PC_GDP,A,2012,2.598535219,
HUN,SAVING,TOT,PC_GDP,A,2013,6.558490135,
HUN,SAVING,TOT,PC_GDP,A,2014,7.568769555,
HUN,SAVING,TOT,PC_GDP,A,2015,8.965666593,
HUN,SAVING,TOT,PC_GDP,A,2016,9.206072653,
HUN,SAVING,TOT,PC_GDP,A,2017,8.517004504,
HUN,SAVING,TOT,PC_GDP,A,2018,11.1678465,
HUN,SAVING,TOT,PC_GDP,A,2019,11.98692501,E
FRA,SAVING,TOT,PC_GDP,A,1999,9.11892157,
FRA,SAVING,TOT,PC_GDP,A,2000,8.563187101,
FRA,SAVING,TOT,PC_GDP,A,2001,8.497074503,
FRA,SAVING,TOT,PC_GDP,A,2002,7.180433157,
FRA,SAVING,TOT,PC_GDP,A,2003,6.584242267,
FRA,SAVING,TOT,PC_GDP,A,2004,6.848104393,
FRA,SAVING,TOT,PC_GDP,A,2005,6.420673819,
FRA,SAVING,TOT,PC_GDP,A,2006,6.810266044,
FRA,SAVING,TOT,PC_GDP,A,2007,7.096519965,
FRA,SAVING,TOT,PC_GDP,A,2008,6.288157882,
FRA,SAVING,TOT,PC_GDP,A,2009,3.085277899,
FRA,SAVING,TOT,PC_GDP,A,2010,3.391839478,
FRA,SAVING,TOT,PC_GDP,A,2011,4.203813796,
FRA,SAVING,TOT,PC_GDP,A,2012,3.441778166,
FRA,SAVING,TOT,PC_GDP,A,2013,3.285913539,
FRA,SAVING,TOT,PC_GDP,A,2014,3.451633085,
FRA,SAVING,TOT,PC_GDP,A,2015,4.389310199,
FRA,SAVING,TOT,PC_GDP,A,2016,4.084365764,
FRA,SAVING,TOT,PC_GDP,A,2017,4.697850727,E
FRA,SAVING,TOT,PC_GDP,A,2018,4.781235293,E
FRA,SAVING,TOT,PC_GDP,A,2019,4.787385786,E
DNK,SAVING,TOT,PC_GDP,A,1999,6.521840267,
DNK,SAVING,TOT,PC_GDP,A,2000,7.79072302,
DNK,SAVING,TOT,PC_GDP,A,2001,8.359592292,
DNK,SAVING,TOT,PC_GDP,A,2002,7.345680229,
DNK,SAVING,TOT,PC_GDP,A,2003,7.049097796,
DNK,SAVING,TOT,PC_GDP,A,2004,7.572173943,
DNK,SAVING,TOT,PC_GDP,A,2005,9.500977554,
DNK,SAVING,TOT,PC_GDP,A,2006,11.01601282,
DNK,SAVING,TOT,PC_GDP,A,2007,9.617704369,
DNK,SAVING,TOT,PC_GDP,A,2008,8.734977973,
DNK,SAVING,TOT,PC_GDP,A,2009,4.355504831,
DNK,SAVING,TOT,PC_GDP,A,2010,6.930544244,
DNK,SAVING,TOT,PC_GDP,A,2011,8.162801802,
DNK,SAVING,TOT,PC_GDP,A,2012,8.203314781,
DNK,SAVING,TOT,PC_GDP,A,2013,10.14978136,
DNK,SAVING,TOT,PC_GDP,A,2014,12.14679247,
DNK,SAVING,TOT,PC_GDP,A,2015,12.25708928,
DNK,SAVING,TOT,PC_GDP,A,2016,12.98865797,
DNK,SAVING,TOT,PC_GDP,A,2017,13.71516123,
DNK,SAVING,TOT,PC_GDP,A,2018,13.59778629,
DNK,SAVING,TOT,PC_GDP,A,2019,15.04238461,
NZL,SAVING,TOT,PC_GDP,A,1999,3.882074613,
NZL,SAVING,TOT,PC_GDP,A,2000,5.062519474,
NZL,SAVING,TOT,PC_GDP,A,2001,7.300092085,
NZL,SAVING,TOT,PC_GDP,A,2002,6.842577356,
NZL,SAVING,TOT,PC_GDP,A,2003,7.693867533,
NZL,SAVING,TOT,PC_GDP,A,2004,6.497085015,
NZL,SAVING,TOT,PC_GDP,A,2005,3.695377602,
NZL,SAVING,TOT,PC_GDP,A,2006,2.611795281,
NZL,SAVING,TOT,PC_GDP,A,2007,4.172759668,
NZL,SAVING,TOT,PC_GDP,A,2008,0.547133982,
NZL,SAVING,TOT,PC_GDP,A,2009,2.85732335,
NZL,SAVING,TOT,PC_GDP,A,2010,2.674323809,
NZL,SAVING,TOT,PC_GDP,A,2011,3.188628008,
NZL,SAVING,TOT,PC_GDP,A,2012,3.198605748,
NZL,SAVING,TOT,PC_GDP,A,2013,5.8784379,
NZL,SAVING,TOT,PC_GDP,A,2014,5.861865723,
NZL,SAVING,TOT,PC_GDP,A,2015,6.646184342,
NZL,SAVING,TOT,PC_GDP,A,2016,6.598982688,
NZL,SAVING,TOT,PC_GDP,A,2017,7.06909287,
NZL,SAVING,TOT,PC_GDP,A,2018,6.474110028,
NZL,SAVING,TOT,PC_GDP,A,2019,6.963125878,E
LUX,SAVING,TOT,PC_GDP,A,1999,16.87346192,
LUX,SAVING,TOT,PC_GDP,A,2000,16.94280086,
LUX,SAVING,TOT,PC_GDP,A,2001,16.99820057,
LUX,SAVING,TOT,PC_GDP,A,2002,13.98740954,
LUX,SAVING,TOT,PC_GDP,A,2003,10.45678158,
LUX,SAVING,TOT,PC_GDP,A,2004,14.62009343,
LUX,SAVING,TOT,PC_GDP,A,2005,17.63375494,
LUX,SAVING,TOT,PC_GDP,A,2006,7.966944354,
LUX,SAVING,TOT,PC_GDP,A,2007,17.13957371,
LUX,SAVING,TOT,PC_GDP,A,2008,14.61344706,
LUX,SAVING,TOT,PC_GDP,A,2009,1.345448518,
LUX,SAVING,TOT,PC_GDP,A,2010,10.76539459,
LUX,SAVING,TOT,PC_GDP,A,2011,8.80095252,
LUX,SAVING,TOT,PC_GDP,A,2012,6.788160934,
LUX,SAVING,TOT,PC_GDP,A,2013,5.967153238,
LUX,SAVING,TOT,PC_GDP,A,2014,7.394754702,
LUX,SAVING,TOT,PC_GDP,A,2015,7.759795066,
LUX,SAVING,TOT,PC_GDP,A,2016,7.362864462,
LUX,SAVING,TOT,PC_GDP,A,2017,5.545091526,
LUX,SAVING,TOT,PC_GDP,A,2018,5.423535132,
EST,SAVING,TOT,PC_GDP,A,2000,11.57706576,
EST,SAVING,TOT,PC_GDP,A,2001,11.78486384,
EST,SAVING,TOT,PC_GDP,A,2002,10.4306537,
EST,SAVING,TOT,PC_GDP,A,2003,10.18647109,
EST,SAVING,TOT,PC_GDP,A,2004,9.430075366,
EST,SAVING,TOT,PC_GDP,A,2005,11.83257563,
EST,SAVING,TOT,PC_GDP,A,2006,11.51677372,
EST,SAVING,TOT,PC_GDP,A,2007,11.1261748,
EST,SAVING,TOT,PC_GDP,A,2008,8.545351109,
EST,SAVING,TOT,PC_GDP,A,2009,5.85710025,
EST,SAVING,TOT,PC_GDP,A,2010,6.297479615,
EST,SAVING,TOT,PC_GDP,A,2011,11.05162226,
EST,SAVING,TOT,PC_GDP,A,2012,11.48872745,
EST,SAVING,TOT,PC_GDP,A,2013,10.9302638,
EST,SAVING,TOT,PC_GDP,A,2014,11.68732025,
EST,SAVING,TOT,PC_GDP,A,2015,10.03021093,
EST,SAVING,TOT,PC_GDP,A,2016,10.07090814,
EST,SAVING,TOT,PC_GDP,A,2017,12.52800568,
EST,SAVING,TOT,PC_GDP,A,2018,13.09796648,
EST,SAVING,TOT,PC_GDP,A,2019,13.52642174,
RUS,SAVING,TOT,PC_GDP,A,1999,13.36673867,E
RUS,SAVING,TOT,PC_GDP,A,2000,20.54189942,E
RUS,SAVING,TOT,PC_GDP,A,2001,17.94093961,E
RUS,SAVING,TOT,PC_GDP,A,2002,15.76024893,E
RUS,SAVING,TOT,PC_GDP,A,2003,15.78349093,E
RUS,SAVING,TOT,PC_GDP,A,2004,17.91010274,E
RUS,SAVING,TOT,PC_GDP,A,2005,18.45849309,E
RUS,SAVING,TOT,PC_GDP,A,2006,20.75846186,E
RUS,SAVING,TOT,PC_GDP,A,2007,21.1590237,E
RUS,SAVING,TOT,PC_GDP,A,2008,20.15304115,E
RUS,SAVING,TOT,PC_GDP,A,2009,9.869694487,E
RUS,SAVING,TOT,PC_GDP,A,2010,16.05938696,E
RUS,SAVING,TOT,PC_GDP,A,2011,19.73007842,E
RUS,SAVING,TOT,PC_GDP,A,2012,17.42358246,E
RUS,SAVING,TOT,PC_GDP,A,2013,13.68651208,E
RUS,SAVING,TOT,PC_GDP,A,2014,12.75050942,
RUS,SAVING,TOT,PC_GDP,A,2015,14.23694612,
RUS,SAVING,TOT,PC_GDP,A,2016,11.66107485,
RUS,SAVING,TOT,PC_GDP,A,2017,12.06961892,
RUS,SAVING,TOT,PC_GDP,A,2018,17.02140148,
GBR,SAVING,TOT,PC_GDP,A,1999,2.647650594,
GBR,SAVING,TOT,PC_GDP,A,2000,3.067615658,
GBR,SAVING,TOT,PC_GDP,A,2001,2.699110574,
GBR,SAVING,TOT,PC_GDP,A,2002,2.479979725,
GBR,SAVING,TOT,PC_GDP,A,2003,2.418268603,
GBR,SAVING,TOT,PC_GDP,A,2004,1.715347498,
GBR,SAVING,TOT,PC_GDP,A,2005,2.32089864,
GBR,SAVING,TOT,PC_GDP,A,2006,1.728338316,
GBR,SAVING,TOT,PC_GDP,A,2007,1.476956312,
GBR,SAVING,TOT,PC_GDP,A,2008,-0.609592269,
GBR,SAVING,TOT,PC_GDP,A,2009,-3.298325555,
GBR,SAVING,TOT,PC_GDP,A,2010,-1.446986881,
GBR,SAVING,TOT,PC_GDP,A,2011,-0.6333197,
GBR,SAVING,TOT,PC_GDP,A,2012,-2.196381523,
GBR,SAVING,TOT,PC_GDP,A,2013,-2.921639511,
GBR,SAVING,TOT,PC_GDP,A,2014,-1.758768615,
GBR,SAVING,TOT,PC_GDP,A,2015,-1.633742976,
GBR,SAVING,TOT,PC_GDP,A,2016,-1.996077629,
GBR,SAVING,TOT,PC_GDP,A,2017,-0.189099058,
GBR,SAVING,TOT,PC_GDP,A,2018,-0.523860394,
GBR,SAVING,TOT,PC_GDP,A,2019,-0.826995559,
JPN,SAVING,TOT,PC_GDP,A,1999,7.474793698,
JPN,SAVING,TOT,PC_GDP,A,2000,7.800233907,
JPN,SAVING,TOT,PC_GDP,A,2001,5.779619698,
JPN,SAVING,TOT,PC_GDP,A,2002,4.863347121,
JPN,SAVING,TOT,PC_GDP,A,2003,5.379794789,
JPN,SAVING,TOT,PC_GDP,A,2004,6.170121855,
JPN,SAVING,TOT,PC_GDP,A,2005,6.63759261,
JPN,SAVING,TOT,PC_GDP,A,2006,6.381703451,
JPN,SAVING,TOT,PC_GDP,A,2007,6.728868536,
JPN,SAVING,TOT,PC_GDP,A,2008,3.76182243,
JPN,SAVING,TOT,PC_GDP,A,2009,-0.532481037,
JPN,SAVING,TOT,PC_GDP,A,2010,1.531615922,
JPN,SAVING,TOT,PC_GDP,A,2011,0.508863807,
JPN,SAVING,TOT,PC_GDP,A,2012,0.369304659,
JPN,SAVING,TOT,PC_GDP,A,2013,1.070143306,
JPN,SAVING,TOT,PC_GDP,A,2014,1.585791125,
JPN,SAVING,TOT,PC_GDP,A,2015,4.527461615,
JPN,SAVING,TOT,PC_GDP,A,2016,5.024562253,
JPN,SAVING,TOT,PC_GDP,A,2017,5.769106063,
JPN,SAVING,TOT,PC_GDP,A,2018,5.431295014,
EU,SAVING,TOT,PC_GDP,A,2002,6.65332919,
EU,SAVING,TOT,PC_GDP,A,2003,6.460203793,
EU,SAVING,TOT,PC_GDP,A,2004,7.203427077,
EU,SAVING,TOT,PC_GDP,A,2005,6.842845742,
EU,SAVING,TOT,PC_GDP,A,2006,7.646862153,
EU,SAVING,TOT,PC_GDP,A,2007,8.549285916,
EU,SAVING,TOT,PC_GDP,A,2008,6.505691925,
EU,SAVING,TOT,PC_GDP,A,2009,3.926675379,
EU,SAVING,TOT,PC_GDP,A,2010,4.807589781,
EU,SAVING,TOT,PC_GDP,A,2011,5.457746326,
EU,SAVING,TOT,PC_GDP,A,2012,4.751610931,
EU,SAVING,TOT,PC_GDP,A,2013,5.092023796,
EU,SAVING,TOT,PC_GDP,A,2014,5.641069723,
EU,SAVING,TOT,PC_GDP,A,2015,6.227804429,
EU,SAVING,TOT,PC_GDP,A,2016,6.894150582,
EU,SAVING,TOT,PC_GDP,A,2017,7.447376627,
EU,SAVING,TOT,PC_GDP,A,2018,7.578451695,
EU,SAVING,TOT,PC_GDP,A,2019,7.480095885,
DEU,SAVING,TOT,PC_GDP,A,1999,6.016081729,
DEU,SAVING,TOT,PC_GDP,A,2000,5.83829993,
DEU,SAVING,TOT,PC_GDP,A,2001,5.701390999,
DEU,SAVING,TOT,PC_GDP,A,2002,5.605153495,
DEU,SAVING,TOT,PC_GDP,A,2003,4.696663456,
DEU,SAVING,TOT,PC_GDP,A,2004,7.295891307,
DEU,SAVING,TOT,PC_GDP,A,2005,7.0105449,
DEU,SAVING,TOT,PC_GDP,A,2006,9.54265685,
DEU,SAVING,TOT,PC_GDP,A,2007,11.3966914,
DEU,SAVING,TOT,PC_GDP,A,2008,9.783623733,
DEU,SAVING,TOT,PC_GDP,A,2009,6.032309372,
DEU,SAVING,TOT,PC_GDP,A,2010,7.918850413,
DEU,SAVING,TOT,PC_GDP,A,2011,10.14207963,
DEU,SAVING,TOT,PC_GDP,A,2012,8.885954592,
DEU,SAVING,TOT,PC_GDP,A,2013,8.491649919,
DEU,SAVING,TOT,PC_GDP,A,2014,9.827459581,
DEU,SAVING,TOT,PC_GDP,A,2015,10.46180333,
DEU,SAVING,TOT,PC_GDP,A,2016,10.82552301,
DEU,SAVING,TOT,PC_GDP,A,2017,10.98332444,
DEU,SAVING,TOT,PC_GDP,A,2018,10.95104591,
DEU,SAVING,TOT,PC_GDP,A,2019,10.1002305,
CZE,SAVING,TOT,PC_GDP,A,1999,5.835818557,
CZE,SAVING,TOT,PC_GDP,A,2000,6.237760808,
CZE,SAVING,TOT,PC_GDP,A,2001,6.478590034,
CZE,SAVING,TOT,PC_GDP,A,2002,4.657890688,
CZE,SAVING,TOT,PC_GDP,A,2003,3.778282755,
CZE,SAVING,TOT,PC_GDP,A,2004,5.334717672,
CZE,SAVING,TOT,PC_GDP,A,2005,6.946917779,
CZE,SAVING,TOT,PC_GDP,A,2006,6.934048471,
CZE,SAVING,TOT,PC_GDP,A,2007,8.340231836,
CZE,SAVING,TOT,PC_GDP,A,2008,7.108729958,
CZE,SAVING,TOT,PC_GDP,A,2009,2.286613122,
CZE,SAVING,TOT,PC_GDP,A,2010,1.277076389,
CZE,SAVING,TOT,PC_GDP,A,2011,1.072366722,
CZE,SAVING,TOT,PC_GDP,A,2012,2.641705177,
CZE,SAVING,TOT,PC_GDP,A,2013,2.080109375,
CZE,SAVING,TOT,PC_GDP,A,2014,3.462979829,
CZE,SAVING,TOT,PC_GDP,A,2015,5.62935613,
CZE,SAVING,TOT,PC_GDP,A,2016,5.170576749,
CZE,SAVING,TOT,PC_GDP,A,2017,7.175727678,
CZE,SAVING,TOT,PC_GDP,A,2018,6.583993648,
CZE,SAVING,TOT,PC_GDP,A,2019,6.06409506,
EA,SAVING,TOT,PC_GDP,A,2002,6.786309156,
EA,SAVING,TOT,PC_GDP,A,2003,6.024835172,
EA,SAVING,TOT,PC_GDP,A,2004,6.621540093,
EA,SAVING,TOT,PC_GDP,A,2005,5.558906343,
EA,SAVING,TOT,PC_GDP,A,2006,6.835102769,
EA,SAVING,TOT,PC_GDP,A,2007,7.579763562,
EA,SAVING,TOT,PC_GDP,A,2008,5.015882771,
EA,SAVING,TOT,PC_GDP,A,2009,2.609784049,
EA,SAVING,TOT,PC_GDP,A,2010,3.207678378,
EA,SAVING,TOT,PC_GDP,A,2011,3.745023218,
EA,SAVING,TOT,PC_GDP,A,2012,3.507122081,
EA,SAVING,TOT,PC_GDP,A,2013,4.107459933,
EA,SAVING,TOT,PC_GDP,A,2014,4.805015573,
EA,SAVING,TOT,PC_GDP,A,2015,5.529550906,
EA,SAVING,TOT,PC_GDP,A,2016,6.267270506,
EA,SAVING,TOT,PC_GDP,A,2017,6.958641158,
EA,SAVING,TOT,PC_GDP,A,2018,7.081590378,
EA,SAVING,TOT,PC_GDP,A,2019,6.787520012,
PRT,SAVING,TOT,PC_GDP,A,1999,5.543951315,
PRT,SAVING,TOT,PC_GDP,A,2000,2.857077333,
PRT,SAVING,TOT,PC_GDP,A,2001,2.715672808,
PRT,SAVING,TOT,PC_GDP,A,2002,1.74497272,
PRT,SAVING,TOT,PC_GDP,A,2003,0.628083421,
PRT,SAVING,TOT,PC_GDP,A,2004,-0.309740554,
PRT,SAVING,TOT,PC_GDP,A,2005,-2.48024783,
PRT,SAVING,TOT,PC_GDP,A,2006,-3.136111687,
PRT,SAVING,TOT,PC_GDP,A,2007,-2.450573659,
PRT,SAVING,TOT,PC_GDP,A,2008,-5.075858091,
PRT,SAVING,TOT,PC_GDP,A,2009,-5.866195994,
PRT,SAVING,TOT,PC_GDP,A,2010,-6.191725832,
PRT,SAVING,TOT,PC_GDP,A,2011,-4.061103066,
PRT,SAVING,TOT,PC_GDP,A,2012,-3.992958959,
PRT,SAVING,TOT,PC_GDP,A,2013,-1.713267714,
PRT,SAVING,TOT,PC_GDP,A,2014,-2.284417615,
PRT,SAVING,TOT,PC_GDP,A,2015,-1.396798105,
PRT,SAVING,TOT,PC_GDP,A,2016,-0.757333064,
PRT,SAVING,TOT,PC_GDP,A,2017,0.951242939,
PRT,SAVING,TOT,PC_GDP,A,2018,0.989471291,
PRT,SAVING,TOT,PC_GDP,A,2019,1.588893338,E
GRC,SAVING,TOT,PC_GDP,A,2006,-0.450345474,
GRC,SAVING,TOT,PC_GDP,A,2007,-2.875346902,
GRC,SAVING,TOT,PC_GDP,A,2008,-6.365108864,
GRC,SAVING,TOT,PC_GDP,A,2009,-10.03790981,
GRC,SAVING,TOT,PC_GDP,A,2010,-9.089899683,B
GRC,SAVING,TOT,PC_GDP,A,2011,-12.84650066,
GRC,SAVING,TOT,PC_GDP,A,2012,-10.07214651,
GRC,SAVING,TOT,PC_GDP,A,2013,-7.744522299,
GRC,SAVING,TOT,PC_GDP,A,2014,-6.800491679,
GRC,SAVING,TOT,PC_GDP,A,2015,-6.093130926,
GRC,SAVING,TOT,PC_GDP,A,2016,-5.805874392,
GRC,SAVING,TOT,PC_GDP,A,2017,-5.490498335,E
GRC,SAVING,TOT,PC_GDP,A,2018,-5.623027909,E
GRC,SAVING,TOT,PC_GDP,A,2019,-4.242253963,E
NLD,SAVING,TOT,PC_GDP,A,1999,13.21750159,
NLD,SAVING,TOT,PC_GDP,A,2000,13.60686892,
NLD,SAVING,TOT,PC_GDP,A,2001,11.53459049,
NLD,SAVING,TOT,PC_GDP,A,2002,10.04016866,
NLD,SAVING,TOT,PC_GDP,A,2003,10.45006923,
NLD,SAVING,TOT,PC_GDP,A,2004,10.72369192,
NLD,SAVING,TOT,PC_GDP,A,2005,9.571179361,
NLD,SAVING,TOT,PC_GDP,A,2006,12.6417767,
NLD,SAVING,TOT,PC_GDP,A,2007,12.99061647,
NLD,SAVING,TOT,PC_GDP,A,2008,10.73689968,
NLD,SAVING,TOT,PC_GDP,A,2009,9.282986739,
NLD,SAVING,TOT,PC_GDP,A,2010,10.08327766,
NLD,SAVING,TOT,PC_GDP,A,2011,11.75827505,
NLD,SAVING,TOT,PC_GDP,A,2012,11.93446519,
NLD,SAVING,TOT,PC_GDP,A,2013,11.44515287,
NLD,SAVING,TOT,PC_GDP,A,2014,10.39832629,
NLD,SAVING,TOT,PC_GDP,A,2015,12.0000058,
NLD,SAVING,TOT,PC_GDP,A,2016,11.90309133,
NLD,SAVING,TOT,PC_GDP,A,2017,14.96045498,
NLD,SAVING,TOT,PC_GDP,A,2018,15.32609721,
NLD,SAVING,TOT,PC_GDP,A,2019,14.76882975,E
CAN,SAVING,TOT,PC_GDP,A,1999,5.724422503,
CAN,SAVING,TOT,PC_GDP,A,2000,8.845092223,
CAN,SAVING,TOT,PC_GDP,A,2001,7.294876645,
CAN,SAVING,TOT,PC_GDP,A,2002,6.352968181,
CAN,SAVING,TOT,PC_GDP,A,2003,7.099757959,
CAN,SAVING,TOT,PC_GDP,A,2004,9.181189925,
CAN,SAVING,TOT,PC_GDP,A,2005,10.07984018,
CAN,SAVING,TOT,PC_GDP,A,2006,9.96175341,
CAN,SAVING,TOT,PC_GDP,A,2007,9.468066967,
CAN,SAVING,TOT,PC_GDP,A,2008,8.765685339,
CAN,SAVING,TOT,PC_GDP,A,2009,1.445077877,
CAN,SAVING,TOT,PC_GDP,A,2010,3.159992989,
CAN,SAVING,TOT,PC_GDP,A,2011,5.071691366,
CAN,SAVING,TOT,PC_GDP,A,2012,4.821418114,
CAN,SAVING,TOT,PC_GDP,A,2013,5.356297053,
CAN,SAVING,TOT,PC_GDP,A,2014,5.946970722,
CAN,SAVING,TOT,PC_GDP,A,2015,2.372238112,
CAN,SAVING,TOT,PC_GDP,A,2016,1.709227439,
CAN,SAVING,TOT,PC_GDP,A,2017,3.247064781,
CAN,SAVING,TOT,PC_GDP,A,2018,2.937340442,
CAN,SAVING,TOT,PC_GDP,A,2019,3.4666804,
CAN,SAVING,TOT,PC_GDP,A,2020,1.059952515,
ITA,SAVING,TOT,PC_GDP,A,1999,6.398573118,
ITA,SAVING,TOT,PC_GDP,A,2000,5.864014784,
ITA,SAVING,TOT,PC_GDP,A,2001,6.220735432,
ITA,SAVING,TOT,PC_GDP,A,2002,5.970292068,
ITA,SAVING,TOT,PC_GDP,A,2003,5.182150454,
ITA,SAVING,TOT,PC_GDP,A,2004,5.412805313,
ITA,SAVING,TOT,PC_GDP,A,2005,4.630588203,
ITA,SAVING,TOT,PC_GDP,A,2006,4.686263836,
ITA,SAVING,TOT,PC_GDP,A,2007,4.954020826,
ITA,SAVING,TOT,PC_GDP,A,2008,2.569946597,
ITA,SAVING,TOT,PC_GDP,A,2009,0.253465528,
ITA,SAVING,TOT,PC_GDP,A,2010,-0.252693605,
ITA,SAVING,TOT,PC_GDP,A,2011,-0.033249314,
ITA,SAVING,TOT,PC_GDP,A,2012,-0.706888201,
ITA,SAVING,TOT,PC_GDP,A,2013,-0.320594998,
ITA,SAVING,TOT,PC_GDP,A,2014,0.655657078,
ITA,SAVING,TOT,PC_GDP,A,2015,0.403569023,
ITA,SAVING,TOT,PC_GDP,A,2016,2.421542614,
ITA,SAVING,TOT,PC_GDP,A,2017,2.98349734,
ITA,SAVING,TOT,PC_GDP,A,2018,3.448655226,
ITA,SAVING,TOT,PC_GDP,A,2019,3.404019618,
AUS,SAVING,TOT,PC_GDP,A,1999,4.839683041,
AUS,SAVING,TOT,PC_GDP,A,2000,3.920767701,
AUS,SAVING,TOT,PC_GDP,A,2001,5.174788831,
AUS,SAVING,TOT,PC_GDP,A,2002,4.612839592,
AUS,SAVING,TOT,PC_GDP,A,2003,5.415434144,
AUS,SAVING,TOT,PC_GDP,A,2004,4.603353748,
AUS,SAVING,TOT,PC_GDP,A,2005,5.375289785,
AUS,SAVING,TOT,PC_GDP,A,2006,5.028469721,
AUS,SAVING,TOT,PC_GDP,A,2007,5.754714337,
AUS,SAVING,TOT,PC_GDP,A,2008,7.639041539,
AUS,SAVING,TOT,PC_GDP,A,2009,5.204075281,
AUS,SAVING,TOT,PC_GDP,A,2010,7.289312181,
AUS,SAVING,TOT,PC_GDP,A,2011,8.506140219,
AUS,SAVING,TOT,PC_GDP,A,2012,7.651140039,
AUS,SAVING,TOT,PC_GDP,A,2013,6.778540284,
AUS,SAVING,TOT,PC_GDP,A,2014,4.931303132,
AUS,SAVING,TOT,PC_GDP,A,2015,2.452077841,
AUS,SAVING,TOT,PC_GDP,A,2016,4.199456301,
AUS,SAVING,TOT,PC_GDP,A,2017,4.165783096,
AUS,SAVING,TOT,PC_GDP,A,2018,5.198137944,
AUS,SAVING,TOT,PC_GDP,A,2019,6.303949053,
SVN,SAVING,TOT,PC_GDP,A,1999,6.231937619,
SVN,SAVING,TOT,PC_GDP,A,2000,5.108809032,
SVN,SAVING,TOT,PC_GDP,A,2001,6.046992826,
SVN,SAVING,TOT,PC_GDP,A,2002,6.713855647,
SVN,SAVING,TOT,PC_GDP,A,2003,6.510215929,
SVN,SAVING,TOT,PC_GDP,A,2004,6.820606296,
SVN,SAVING,TOT,PC_GDP,A,2005,7.256480348,
SVN,SAVING,TOT,PC_GDP,A,2006,9.680861125,
SVN,SAVING,TOT,PC_GDP,A,2007,10.73367272,
SVN,SAVING,TOT,PC_GDP,A,2008,9.402648385,
SVN,SAVING,TOT,PC_GDP,A,2009,2.621850537,
SVN,SAVING,TOT,PC_GDP,A,2010,1.310557659,
SVN,SAVING,TOT,PC_GDP,A,2011,0.648999688,
SVN,SAVING,TOT,PC_GDP,A,2012,-1.438380512,
SVN,SAVING,TOT,PC_GDP,A,2013,0.764573041,
SVN,SAVING,TOT,PC_GDP,A,2014,3.808600942,
SVN,SAVING,TOT,PC_GDP,A,2015,2.49699887,
SVN,SAVING,TOT,PC_GDP,A,2016,3.252931159,
SVN,SAVING,TOT,PC_GDP,A,2017,7.120325539,
SVN,SAVING,TOT,PC_GDP,A,2018,8.475643719,
SVN,SAVING,TOT,PC_GDP,A,2019,8.041898808,
MEX,SAVING,TOT,PC_GDP,A,1999,4.749291047,E
MEX,SAVING,TOT,PC_GDP,A,2000,5.087776965,E
MEX,SAVING,TOT,PC_GDP,A,2001,3.791479909,E
MEX,SAVING,TOT,PC_GDP,A,2002,4.137942288,E
MEX,SAVING,TOT,PC_GDP,A,2003,4.511706677,
MEX,SAVING,TOT,PC_GDP,A,2004,7.547648033,
MEX,SAVING,TOT,PC_GDP,A,2005,6.866794535,
MEX,SAVING,TOT,PC_GDP,A,2006,9.228251838,
MEX,SAVING,TOT,PC_GDP,A,2007,8.881040592,
MEX,SAVING,TOT,PC_GDP,A,2008,8.364888547,
MEX,SAVING,TOT,PC_GDP,A,2009,6.39594245,
MEX,SAVING,TOT,PC_GDP,A,2010,7.905754727,
MEX,SAVING,TOT,PC_GDP,A,2011,8.109197271,
MEX,SAVING,TOT,PC_GDP,A,2012,7.405195717,
MEX,SAVING,TOT,PC_GDP,A,2013,4.347041387,
MEX,SAVING,TOT,PC_GDP,A,2014,5.690807198,
MEX,SAVING,TOT,PC_GDP,A,2015,5.394697251,
MEX,SAVING,TOT,PC_GDP,A,2016,5.291174452,
MEX,SAVING,TOT,PC_GDP,A,2017,5.976862863,
MEX,SAVING,TOT,PC_GDP,A,2018,6.259785282,
MEX,SAVING,TOT,PC_GDP,A,2019,6.156626152,
SVK,SAVING,TOT,PC_GDP,A,1999,-3.484028889,
SVK,SAVING,TOT,PC_GDP,A,2000,-4.07126835,
SVK,SAVING,TOT,PC_GDP,A,2001,-2.953741901,
SVK,SAVING,TOT,PC_GDP,A,2002,-2.406646218,
SVK,SAVING,TOT,PC_GDP,A,2003,-3.987644691,
SVK,SAVING,TOT,PC_GDP,A,2004,-1.298822604,
SVK,SAVING,TOT,PC_GDP,A,2005,1.722049253,
SVK,SAVING,TOT,PC_GDP,A,2006,2.642051722,
SVK,SAVING,TOT,PC_GDP,A,2007,6.123991013,
SVK,SAVING,TOT,PC_GDP,A,2008,4.89534897,
SVK,SAVING,TOT,PC_GDP,A,2009,-0.845350827,
SVK,SAVING,TOT,PC_GDP,A,2010,2.190648966,
SVK,SAVING,TOT,PC_GDP,A,2011,3.686410631,
SVK,SAVING,TOT,PC_GDP,A,2012,5.576333983,
SVK,SAVING,TOT,PC_GDP,A,2013,6.195201742,
SVK,SAVING,TOT,PC_GDP,A,2014,6.784949046,
SVK,SAVING,TOT,PC_GDP,A,2015,6.564786158,
SVK,SAVING,TOT,PC_GDP,A,2016,3.848665402,
SVK,SAVING,TOT,PC_GDP,A,2017,4.858621256,
SVK,SAVING,TOT,PC_GDP,A,2018,6.193796614,
SVK,SAVING,TOT,PC_GDP,A,2019,4.985960874,
CHE,SAVING,TOT,PC_GDP,A,1999,13.78609136,
CHE,SAVING,TOT,PC_GDP,A,2000,16.019038,
CHE,SAVING,TOT,PC_GDP,A,2001,13.0346091,
CHE,SAVING,TOT,PC_GDP,A,2002,9.668027055,
CHE,SAVING,TOT,PC_GDP,A,2003,13.24175011,
CHE,SAVING,TOT,PC_GDP,A,2004,13.35333501,
CHE,SAVING,TOT,PC_GDP,A,2005,16.85834515,
CHE,SAVING,TOT,PC_GDP,A,2006,18.54816033,
CHE,SAVING,TOT,PC_GDP,A,2007,14.18856194,
CHE,SAVING,TOT,PC_GDP,A,2008,6.938058202,
CHE,SAVING,TOT,PC_GDP,A,2009,11.35801878,
CHE,SAVING,TOT,PC_GDP,A,2010,16.84067287,
CHE,SAVING,TOT,PC_GDP,A,2011,13.03603495,
CHE,SAVING,TOT,PC_GDP,A,2012,14.35148442,
CHE,SAVING,TOT,PC_GDP,A,2013,13.53490258,
CHE,SAVING,TOT,PC_GDP,A,2014,11.43965281,
CHE,SAVING,TOT,PC_GDP,A,2015,13.91126697,
CHE,SAVING,TOT,PC_GDP,A,2016,12.24255573,
CHE,SAVING,TOT,PC_GDP,A,2017,9.565214184,E
CHE,SAVING,TOT,PC_GDP,A,2018,10.87666691,E
CHE,SAVING,TOT,PC_GDP,A,2019,13.0521897,E
POL,SAVING,TOT,PC_GDP,A,1999,5.264709908,E
POL,SAVING,TOT,PC_GDP,A,2000,4.974996092,
POL,SAVING,TOT,PC_GDP,A,2001,3.487181849,
POL,SAVING,TOT,PC_GDP,A,2002,1.739073692,
POL,SAVING,TOT,PC_GDP,A,2003,2.447140537,
POL,SAVING,TOT,PC_GDP,A,2004,0.006108729,
POL,SAVING,TOT,PC_GDP,A,2005,2.776493392,
POL,SAVING,TOT,PC_GDP,A,2006,3.957151046,
POL,SAVING,TOT,PC_GDP,A,2007,5.418405602,
POL,SAVING,TOT,PC_GDP,A,2008,5.597123768,
POL,SAVING,TOT,PC_GDP,A,2009,5.351870411,
POL,SAVING,TOT,PC_GDP,A,2010,5.211411873,
POL,SAVING,TOT,PC_GDP,A,2011,6.834431027,
POL,SAVING,TOT,PC_GDP,A,2012,6.522314933,
POL,SAVING,TOT,PC_GDP,A,2013,6.743145785,
POL,SAVING,TOT,PC_GDP,A,2014,7.265299396,
POL,SAVING,TOT,PC_GDP,A,2015,8.929705649,
POL,SAVING,TOT,PC_GDP,A,2016,7.598067494,
POL,SAVING,TOT,PC_GDP,A,2017,8.199624592,
POL,SAVING,TOT,PC_GDP,A,2018,8.439752917,
POL,SAVING,TOT,PC_GDP,A,2019,9.439848444,
ZAF,SAVING,TOT,PC_GDP,A,1999,2.752191367,
ZAF,SAVING,TOT,PC_GDP,A,2000,2.80453629,
ZAF,SAVING,TOT,PC_GDP,A,2001,2.62889239,
ZAF,SAVING,TOT,PC_GDP,A,2002,4.004469035,
ZAF,SAVING,TOT,PC_GDP,A,2003,3.398563547,
ZAF,SAVING,TOT,PC_GDP,A,2004,3.470554095,
ZAF,SAVING,TOT,PC_GDP,A,2005,3.15545974,
ZAF,SAVING,TOT,PC_GDP,A,2006,3.386430358,
ZAF,SAVING,TOT,PC_GDP,A,2007,3.102106564,
ZAF,SAVING,TOT,PC_GDP,A,2008,4.336609031,
ZAF,SAVING,TOT,PC_GDP,A,2009,4.241255951,
ZAF,SAVING,TOT,PC_GDP,A,2010,4.824439505,
ZAF,SAVING,TOT,PC_GDP,A,2011,4.607957476,
ZAF,SAVING,TOT,PC_GDP,A,2012,1.695313525,
ZAF,SAVING,TOT,PC_GDP,A,2013,1.733214744,
ZAF,SAVING,TOT,PC_GDP,A,2014,1.624120898,
ZAF,SAVING,TOT,PC_GDP,A,2015,2.462568777,
ZAF,SAVING,TOT,PC_GDP,A,2016,2.114377214,
ZAF,SAVING,TOT,PC_GDP,A,2017,2.538810073,
ZAF,SAVING,TOT,PC_GDP,A,2018,0.511873326,
ZAF,SAVING,TOT,PC_GDP,A,2019,0.528790179,
LVA,SAVING,TOT,PC_GDP,A,1999,-19.0292635,
LVA,SAVING,TOT,PC_GDP,A,2000,-9.654812115,
LVA,SAVING,TOT,PC_GDP,A,2001,-6.334810093,
LVA,SAVING,TOT,PC_GDP,A,2002,-4.190981015,
LVA,SAVING,TOT,PC_GDP,A,2003,-2.557193015,
LVA,SAVING,TOT,PC_GDP,A,2004,-1.67335894,
LVA,SAVING,TOT,PC_GDP,A,2005,1.735321894,
LVA,SAVING,TOT,PC_GDP,A,2006,-3.349234165,
LVA,SAVING,TOT,PC_GDP,A,2007,-0.094597283,
LVA,SAVING,TOT,PC_GDP,A,2008,1.488142228,
LVA,SAVING,TOT,PC_GDP,A,2009,6.953266356,
LVA,SAVING,TOT,PC_GDP,A,2010,-2.863538429,
LVA,SAVING,TOT,PC_GDP,A,2011,-0.868406707,
LVA,SAVING,TOT,PC_GDP,A,2012,-1.01969154,
LVA,SAVING,TOT,PC_GDP,A,2013,-1.691397838,
LVA,SAVING,TOT,PC_GDP,A,2014,-1.787946172,
LVA,SAVING,TOT,PC_GDP,A,2015,-0.43436149,
LVA,SAVING,TOT,PC_GDP,A,2016,-0.108520061,
LVA,SAVING,TOT,PC_GDP,A,2017,1.20490628,
LVA,SAVING,TOT,PC_GDP,A,2018,2.093115497,
LVA,SAVING,TOT,PC_GDP,A,2019,0.447997363,
CHN,SAVING,TOT,PC_GDP,A,1999,36.608027,
CHN,SAVING,TOT,PC_GDP,A,2000,35.82040704,
CHN,SAVING,TOT,PC_GDP,A,2001,37.37244403,
CHN,SAVING,TOT,PC_GDP,A,2002,39.01392899,
CHN,SAVING,TOT,PC_GDP,A,2003,42.57519175,
CHN,SAVING,TOT,PC_GDP,A,2004,45.8629191,
CHN,SAVING,TOT,PC_GDP,A,2005,46.18138906,
CHN,SAVING,TOT,PC_GDP,A,2006,48.54973489,
CHN,SAVING,TOT,PC_GDP,A,2007,50.88477902,
CHN,SAVING,TOT,PC_GDP,A,2008,52.32079415,
CHN,SAVING,TOT,PC_GDP,A,2009,51.05426496,
CHN,SAVING,TOT,PC_GDP,A,2010,52.17439222,
CHN,SAVING,TOT,PC_GDP,A,2011,50.27784347,
CHN,SAVING,TOT,PC_GDP,A,2012,49.8013777,
CHN,SAVING,TOT,PC_GDP,A,2013,48.83010615,
CHN,SAVING,TOT,PC_GDP,A,2014,49.18962569,
CHN,SAVING,TOT,PC_GDP,A,2015,46.94571394,
CRI,SAVING,TOT,PC_GDP,A,1999,9.606941895,
CRI,SAVING,TOT,PC_GDP,A,2000,10.06526309,
CRI,SAVING,TOT,PC_GDP,A,2001,10.88422981,
CRI,SAVING,TOT,PC_GDP,A,2002,8.530434924,
CRI,SAVING,TOT,PC_GDP,A,2003,7.748135793,
CRI,SAVING,TOT,PC_GDP,A,2004,9.075066531,
CRI,SAVING,TOT,PC_GDP,A,2005,8.313562432,
CRI,SAVING,TOT,PC_GDP,A,2006,10.65254058,
CRI,SAVING,TOT,PC_GDP,A,2007,11.64024877,
CRI,SAVING,TOT,PC_GDP,A,2008,9.90871797,
CRI,SAVING,TOT,PC_GDP,A,2009,10.0764813,
CRI,SAVING,TOT,PC_GDP,A,2010,10.1669829,
CRI,SAVING,TOT,PC_GDP,A,2011,8.12579538,
CRI,SAVING,TOT,PC_GDP,A,2012,8.41490245,
CRI,SAVING,TOT,PC_GDP,A,2013,8.567529493,
CRI,SAVING,TOT,PC_GDP,A,2014,8.364282424,
CRI,SAVING,TOT,PC_GDP,A,2015,9.548425103,
CRI,SAVING,TOT,PC_GDP,A,2016,10.80954213,
CRI,SAVING,TOT,PC_GDP,A,2017,8.887408822,
CRI,SAVING,TOT,PC_GDP,A,2018,8.948794586,E
CRI,SAVING,TOT,PC_GDP,A,2019,8.370030913,E
LTU,SAVING,TOT,PC_GDP,A,1999,-4.465462399,
LTU,SAVING,TOT,PC_GDP,A,2000,-1.83274933,
LTU,SAVING,TOT,PC_GDP,A,2001,0.038774645,
LTU,SAVING,TOT,PC_GDP,A,2002,1.973897127,
LTU,SAVING,TOT,PC_GDP,A,2003,2.031567624,
LTU,SAVING,TOT,PC_GDP,A,2004,2.426481786,
LTU,SAVING,TOT,PC_GDP,A,2005,4.726421315,
LTU,SAVING,TOT,PC_GDP,A,2006,4.416065972,
LTU,SAVING,TOT,PC_GDP,A,2007,5.424082505,
LTU,SAVING,TOT,PC_GDP,A,2008,2.851722827,
LTU,SAVING,TOT,PC_GDP,A,2009,-0.096381061,
LTU,SAVING,TOT,PC_GDP,A,2010,3.963133223,
LTU,SAVING,TOT,PC_GDP,A,2011,5.023994905,
LTU,SAVING,TOT,PC_GDP,A,2012,5.008044203,
LTU,SAVING,TOT,PC_GDP,A,2013,7.977528424,
LTU,SAVING,TOT,PC_GDP,A,2014,9.91452199,
LTU,SAVING,TOT,PC_GDP,A,2015,5.487499599,
LTU,SAVING,TOT,PC_GDP,A,2016,4.826761145,
LTU,SAVING,TOT,PC_GDP,A,2017,7.070815205,
LTU,SAVING,TOT,PC_GDP,A,2018,8.16521973,
LTU,SAVING,TOT,PC_GDP,A,2019,8.722370636,
BRA,SAVING,TOT,PC_GDP,A,2000,13.98902065,
BRA,SAVING,TOT,PC_GDP,A,2001,13.59266147,
BRA,SAVING,TOT,PC_GDP,A,2002,15.42501879,
BRA,SAVING,TOT,PC_GDP,A,2003,16.41373689,
BRA,SAVING,TOT,PC_GDP,A,2004,18.85501333,
BRA,SAVING,TOT,PC_GDP,A,2005,18.11063791,
BRA,SAVING,TOT,PC_GDP,A,2006,18.40810876,
BRA,SAVING,TOT,PC_GDP,A,2007,19.34059411,
BRA,SAVING,TOT,PC_GDP,A,2008,19.22662741,
BRA,SAVING,TOT,PC_GDP,A,2009,16.37235034,
BRA,SAVING,TOT,PC_GDP,A,2010,17.94512239,
BRA,SAVING,TOT,PC_GDP,A,2011,18.55384196,
BRA,SAVING,TOT,PC_GDP,A,2012,18.03674534,
BRA,SAVING,TOT,PC_GDP,A,2013,18.3226896,
BRA,SAVING,TOT,PC_GDP,A,2014,16.0049753,
BRA,SAVING,TOT,PC_GDP,A,2015,14.23824762,
BRA,SAVING,TOT,PC_GDP,A,2016,13.39411497,
BRA,SAVING,TOT,PC_GDP,A,2017,13.58449401,
BRA,SAVING,TOT,PC_GDP,A,2018,12.69133503,
